keyword,department,sub_department,notes
# department is one of the 18: Sales Marketing Engineering IT Product Design
#   "Data & Analytics" HR Finance Legal Operations "Supply Chain" Manufacturing
#   Quality Support Admin Strategy "R&D"
# sub_department is blank on generic keywords by design -- blank means "department
# known, slice unknown", and campaign queries must include blanks:
#   department = X and (sub_department = Y or sub_department = '')
# Only Sales, Marketing, Engineering, IT, HR, Finance, Supply Chain and Support
# carry subs. Rows whose keyword contains & use the normalizer's placeholder
# spelling: r&d -> rnd, l&d -> lnd, m&a -> mna, fp&a -> fpna.
#
# --- Sales ---------------------------------------------------------------
inside sales,Sales,Inside Sales,
sales development,Sales,Inside Sales,
sales development representative,Sales,Inside Sales,
business development representative,Sales,Inside Sales,
sdr,Sales,Inside Sales,
bdr,Sales,Inside Sales,
telesales,Sales,Inside Sales,
tele sales,Sales,Inside Sales,
telecalling,Sales,Inside Sales,
inbound sales,Sales,Inside Sales,
outbound sales,Sales,Inside Sales,
field sales,Sales,Field & Enterprise,
enterprise sales,Sales,Field & Enterprise,
key account,Sales,Field & Enterprise,
key accounts,Sales,Field & Enterprise,
strategic accounts,Sales,Field & Enterprise,
national sales,Sales,Field & Enterprise,
regional sales,Sales,Field & Enterprise,
territory sales,Sales,Field & Enterprise,
area sales,Sales,Field & Enterprise,
channel sales,Sales,BD & Partnerships,
business development,Sales,BD & Partnerships,
bd,Sales,BD & Partnerships,
partnerships,Sales,BD & Partnerships,
partnership,Sales,BD & Partnerships,
alliances,Sales,BD & Partnerships,
strategic alliances,Sales,BD & Partnerships,
channel partner,Sales,BD & Partnerships,
reseller,Sales,BD & Partnerships,
distribution sales,Sales,BD & Partnerships,
sales operations,Sales,Sales Ops & RevOps,
sales ops,Sales,Sales Ops & RevOps,
revenue operations,Sales,Sales Ops & RevOps,
revops,Sales,Sales Ops & RevOps,
sales enablement,Sales,Sales Ops & RevOps,
deal desk,Sales,Sales Ops & RevOps,
presales,Sales,Presales & Solutions,
pre sales,Sales,Presales & Solutions,
solution consultant,Sales,Presales & Solutions,
solutions consultant,Sales,Presales & Solutions,
solution engineer,Sales,Presales & Solutions,
solutions engineer,Sales,Presales & Solutions,
sales engineer,Sales,Presales & Solutions,
technical sales,Sales,Presales & Solutions,
bid management,Sales,Presales & Solutions,
tendering,Sales,Presales & Solutions,
ecommerce,Sales,Ecommerce,
e commerce,Sales,Ecommerce,
marketplace,Sales,Ecommerce,
d2c,Sales,Ecommerce,
sales,Sales,,Generic
selling,Sales,,
account executive,Sales,,
commercial,Sales,,
revenue,Sales,,
vertrieb,Sales,,German stem
ventas,Sales,,Spanish
# --- Marketing -----------------------------------------------------------
demand generation,Marketing,Demand Gen & Performance,
lead generation,Marketing,Demand Gen & Performance,
performance marketing,Marketing,Demand Gen & Performance,
paid media,Marketing,Demand Gen & Performance,
paid search,Marketing,Demand Gen & Performance,
sem,Marketing,Demand Gen & Performance,
ppc,Marketing,Demand Gen & Performance,
marketing automation,Marketing,Demand Gen & Performance,
email marketing,Marketing,Demand Gen & Performance,
content marketing,Marketing,Content & SEO,
content,Marketing,Content & SEO,
copywriter,Marketing,Content & SEO,
copywriting,Marketing,Content & SEO,
seo,Marketing,Content & SEO,
search engine optimization,Marketing,Content & SEO,
editorial,Marketing,Content & SEO,
brand,Marketing,Brand & Comms,
branding,Marketing,Brand & Comms,
communications,Marketing,Brand & Comms,
corporate communications,Marketing,Brand & Comms,
public relations,Marketing,Brand & Comms,
pr,Marketing,Brand & Comms,
social media,Marketing,Brand & Comms,
product marketing,Marketing,Product Marketing,
pmm,Marketing,Product Marketing,
events,Marketing,Events,
event,Marketing,Events,
field marketing,Marketing,Events,
trade show,Marketing,Events,
exhibitions,Marketing,Events,
growth,Marketing,Growth,
growth marketing,Marketing,Growth,
growth hacking,Marketing,Growth,
lifecycle marketing,Marketing,Growth,
crm marketing,Marketing,Growth,
marketing,Marketing,,Generic
digital marketing,Marketing,,
market research,Marketing,,
marketing communications,Marketing,Brand & Comms,
# --- Engineering ---------------------------------------------------------
backend,Engineering,Backend & Platform,
back end,Engineering,Backend & Platform,
platform engineering,Engineering,Backend & Platform,
api engineering,Engineering,Backend & Platform,
distributed systems,Engineering,Backend & Platform,
frontend,Engineering,Frontend & Mobile,
front end,Engineering,Frontend & Mobile,
mobile,Engineering,Frontend & Mobile,
ios,Engineering,Frontend & Mobile,
android,Engineering,Frontend & Mobile,
web development,Engineering,Frontend & Mobile,
ui engineer,Engineering,Frontend & Mobile,
devops,Engineering,DevOps & Cloud,
dev ops,Engineering,DevOps & Cloud,
sre,Engineering,DevOps & Cloud,
site reliability,Engineering,DevOps & Cloud,
cloud engineering,Engineering,DevOps & Cloud,
cloud architect,Engineering,DevOps & Cloud,
kubernetes,Engineering,DevOps & Cloud,
platform reliability,Engineering,DevOps & Cloud,
embedded,Engineering,Embedded,
firmware,Engineering,Embedded,
hardware engineering,Engineering,Embedded,
vlsi,Engineering,Embedded,
iot,Engineering,Embedded,
software engineering,Engineering,,
software development,Engineering,,
software engineer,Engineering,,
software developer,Engineering,,
full stack,Engineering,,
developer,Engineering,,
programmer,Engineering,,
engineering,Engineering,,Generic
entwicklung,Engineering,,German stem
# --- IT ------------------------------------------------------------------
it infrastructure,IT,Infrastructure,
infrastructure,IT,Infrastructure,
network engineer,IT,Infrastructure,
networking,IT,Infrastructure,
system administrator,IT,Infrastructure,
sysadmin,IT,Infrastructure,
datacenter,IT,Infrastructure,
data centre,IT,Infrastructure,
information security,IT,Security,
cyber security,IT,Security,
cybersecurity,IT,Security,
infosec,IT,Security,
security operations,IT,Security,
soc,IT,Security,
grc,IT,Security,
identity and access,IT,Security,
erp,IT,ERP & Business Systems,
sap,IT,ERP & Business Systems,
oracle apps,IT,ERP & Business Systems,
business systems,IT,ERP & Business Systems,
salesforce administrator,IT,ERP & Business Systems,
netsuite,IT,ERP & Business Systems,
dynamics 365,IT,ERP & Business Systems,
helpdesk,IT,Helpdesk,
help desk,IT,Helpdesk,
service desk,IT,Helpdesk,
desktop support,IT,Helpdesk,
end user computing,IT,Helpdesk,
it support,IT,Helpdesk,
information technology,IT,,Generic
it,IT,,Generic
mis,IT,,
# --- Product -------------------------------------------------------------
product management,Product,,
product manager,Product,,
product owner,Product,,
product,Product,,Generic
# --- Design --------------------------------------------------------------
user experience,Design,,
ux,Design,,
ui ux,Design,,
user interface,Design,,
product design,Design,,
graphic design,Design,,
visual design,Design,,
industrial design,Design,,
creative,Design,,
design,Design,,Generic
# --- Data & Analytics ----------------------------------------------------
data science,Data & Analytics,,
data scientist,Data & Analytics,,
data engineering,Data & Analytics,,
data engineer,Data & Analytics,,
data analytics,Data & Analytics,,
business intelligence,Data & Analytics,,
bi,Data & Analytics,,
machine learning,Data & Analytics,,
artificial intelligence,Data & Analytics,,
data warehouse,Data & Analytics,,
analytics,Data & Analytics,,Generic
data,Data & Analytics,,Generic
# --- HR ------------------------------------------------------------------
talent acquisition,HR,Talent Acquisition,
recruitment,HR,Talent Acquisition,
recruiting,HR,Talent Acquisition,
recruiter,HR,Talent Acquisition,
staffing,HR,Talent Acquisition,
campus hiring,HR,Talent Acquisition,
sourcing specialist,HR,Talent Acquisition,
lnd,HR,L&D,Normalizer turns l&d into lnd
learning and development,HR,L&D,
training and development,HR,L&D,
capability building,HR,L&D,
compensation and benefits,HR,Comp & Benefits,
comp and ben,HR,Comp & Benefits,
total rewards,HR,Comp & Benefits,
payroll,HR,Comp & Benefits,
people operations,HR,People Ops,
people ops,HR,People Ops,
hr operations,HR,People Ops,
hr business partner,HR,People Ops,
hrbp,HR,People Ops,
employee relations,HR,People Ops,
employee engagement,HR,People Ops,
human resources,HR,,Generic
human resource,HR,,
hr,HR,,Generic
talent,HR,,
personnel,HR,,
personal,HR,,German stem; see the personal assistant override under Admin
# --- Finance -------------------------------------------------------------
accounting,Finance,Accounting,
accounts payable,Finance,Accounting,
accounts receivable,Finance,Accounting,
general ledger,Finance,Accounting,
bookkeeping,Finance,Accounting,
chartered accountant,Finance,Accounting,
controller,Finance,Accounting,
financial controller,Finance,Accounting,
taxation,Finance,Tax,
tax,Finance,Tax,
indirect tax,Finance,Tax,
direct tax,Finance,Tax,
gst,Finance,Tax,
transfer pricing,Finance,Tax,
treasury,Finance,Treasury,
cash management,Finance,Treasury,
investor relations,Finance,Treasury,
fpna,Finance,FP&A,Normalizer turns fp&a into fpna
financial planning,Finance,FP&A,
financial analysis,Finance,FP&A,
business finance,Finance,FP&A,
budgeting,Finance,FP&A,
internal audit,Finance,Audit,
audit,Finance,Audit,
statutory audit,Finance,Audit,
credit control,Finance,Credit & Collections,
collections,Finance,Credit & Collections,
credit risk,Finance,Credit & Collections,
receivables,Finance,Credit & Collections,
finance,Finance,,Generic
accounts,Finance,,Generic
financial,Finance,,
finanz,Finance,,German stem
# --- Legal ---------------------------------------------------------------
legal,Legal,,
counsel,Legal,,
general counsel,Legal,,
company secretary,Legal,,Also a c_suite seniority keyword; the two scans are independent
compliance,Legal,,
contracts,Legal,,
paralegal,Legal,,
litigation,Legal,,
intellectual property,Legal,,
regulatory affairs,Legal,,
advocate,Legal,,
# --- Operations ----------------------------------------------------------
operations,Operations,,
business operations,Operations,,
bizops,Operations,,
service delivery,Operations,,
process excellence,Operations,,
continuous improvement,Operations,,
lean,Operations,,
six sigma,Operations,,
facilities,Operations,,
program management office,Operations,,
pmo,Operations,,
project management,Operations,,
# --- Supply Chain --------------------------------------------------------
procurement,Supply Chain,Procurement & Sourcing,
purchasing,Supply Chain,Procurement & Sourcing,
sourcing,Supply Chain,Procurement & Sourcing,
strategic sourcing,Supply Chain,Procurement & Sourcing,
vendor management,Supply Chain,Procurement & Sourcing,
category management,Supply Chain,Procurement & Sourcing,
einkauf,Supply Chain,Procurement & Sourcing,German stem
logistics,Supply Chain,Logistics & Warehouse,
warehouse,Supply Chain,Logistics & Warehouse,
warehousing,Supply Chain,Logistics & Warehouse,
transportation,Supply Chain,Logistics & Warehouse,
freight,Supply Chain,Logistics & Warehouse,
shipping,Supply Chain,Logistics & Warehouse,
fleet,Supply Chain,Logistics & Warehouse,
distribution,Supply Chain,Logistics & Warehouse,
demand planning,Supply Chain,Planning,
supply planning,Supply Chain,Planning,
production planning,Supply Chain,Planning,
inventory,Supply Chain,Planning,
materials management,Supply Chain,Planning,
sop,Supply Chain,Planning,
supply chain,Supply Chain,,Generic
# --- Manufacturing -------------------------------------------------------
manufacturing,Manufacturing,,
production,Manufacturing,,
plant,Manufacturing,,
factory,Manufacturing,,
shop floor,Manufacturing,,
maintenance,Manufacturing,,
process engineering,Manufacturing,,
industrial engineering,Manufacturing,,
tool room,Manufacturing,,
fabrication,Manufacturing,,
produktion,Manufacturing,,German stem
# --- Quality -------------------------------------------------------------
quality assurance,Quality,,
quality control,Quality,,
quality management,Quality,,
qa,Quality,,
qc,Quality,,
quality,Quality,,Generic
testing,Quality,,
test engineer,Quality,,
validation,Quality,,
inspection,Quality,,
# --- Support -------------------------------------------------------------
customer success,Support,Customer Success,
client success,Support,Customer Success,
account management,Support,Customer Success,
customer experience,Support,Customer Success,
renewals,Support,Customer Success,
onboarding specialist,Support,Customer Success,
customer support,Support,Customer Support,
customer service,Support,Customer Support,
technical support,Support,Customer Support,
client servicing,Support,Customer Support,
call center,Support,Customer Support,
call centre,Support,Customer Support,
contact center,Support,Customer Support,
support,Support,,Generic
# --- Admin ---------------------------------------------------------------
executive assistant,Admin,,
personal assistant,Admin,,Beats the German personal stem under HR
administrative assistant,Admin,,
office administration,Admin,,
office manager,Admin,,
front office,Admin,,
receptionist,Admin,,
secretary,Admin,,
back office,Admin,,
data entry,Admin,,
# --- Strategy ------------------------------------------------------------
strategy,Strategy,,
corporate strategy,Strategy,,
strategic planning,Strategy,,
mna,Strategy,,Normalizer turns m&a into mna
mergers and acquisitions,Strategy,,
corporate development,Strategy,,
transformation,Strategy,,
management consulting,Strategy,,
chief of staff,Strategy,,
# --- R&D -----------------------------------------------------------------
rnd,R&D,,Normalizer turns r&d into rnd
research and development,R&D,,
research,R&D,,
scientist,R&D,,
formulation,R&D,,
innovation,R&D,,
new product development,R&D,,
npd,R&D,,
clinical research,R&D,,
# --- Additional high-confidence coverage from the supplied v3 map --------
# Existing curated rows keep their mappings when the supplied maps disagree. Broad
# context words such as service, office, process and project remain excluded.
bde,Sales,BD & Partnerships,
sales engineering,Sales,Presales & Solutions,
solutions,Sales,Presales & Solutions,
territory,Sales,Field & Enterprise,
gtm,Sales,,
go to market,Sales,,
account manager,Sales,,
channel,Sales,BD & Partnerships,
channels,Sales,BD & Partnerships,
export,Sales,,
cro,Sales,,Chief Revenue Officer acronym
marketting,Marketing,,Common misspelling
advertising,Marketing,Demand Gen & Performance,
comms,Marketing,Brand & Comms,
community,Marketing,Brand & Comms,
corporate affairs,Marketing,Brand & Comms,
demand gen,Marketing,Demand Gen & Performance,
engineer,Engineering,,
engr,Engineering,,
software,Engineering,,
development,Engineering,,
fullstack,Engineering,,
technology,Engineering,,
tech,Engineering,,
cloud,Engineering,DevOps & Cloud,
cto,Engineering,,
database administrator,IT,Infrastructure,
network administrator,IT,Infrastructure,
network,IT,Infrastructure,
security,IT,Security,
ciso,IT,Security,
cio,IT,,
designer,Design,,
ui,Design,,
graphic,Design,,
visual,Design,,
user research,Design,,
ml,Data & Analytics,,
ai,Data & Analytics,,
insights,Data & Analytics,,
big data,Data & Analytics,,
cdo,Data & Analytics,,
training,HR,L&D,
compensation,HR,Comp & Benefits,
benefits,HR,Comp & Benefits,
chro,HR,,
rh,HR,,French HR acronym
rrhh,HR,,Spanish HR acronym
recursos humanos,HR,,Spanish HR
risorse umane,HR,,Italian HR
accountant,Finance,Accounting,
auditor,Finance,Audit,
billing,Finance,Accounting,
comptroller,Finance,Accounting,
credit,Finance,Credit & Collections,
equity research,Finance,,
cfo,Finance,,
finanzas,Finance,,Spanish finance
comptabilite,Finance,Accounting,French accounting after accent folding
contabilidad,Finance,Accounting,Spanish accounting
regulatory,Legal,,
secretarial,Legal,,
ipr,Legal,,
public policy,Legal,,
government relations,Legal,,
government affairs,Legal,,
clo,Legal,,
ops,Operations,,
operational,Operations,,
delivery,Operations,,
field operations,Operations,,
coo,Operations,,
scm,Supply Chain,,
purchase,Supply Chain,Procurement & Sourcing,
vendor,Supply Chain,Procurement & Sourcing,
materials,Supply Chain,Procurement & Sourcing,
stores,Supply Chain,Logistics & Warehouse,
dispatch,Supply Chain,Logistics & Warehouse,
fulfillment,Supply Chain,Logistics & Warehouse,
planning,Supply Chain,Planning,
achats,Supply Chain,Procurement & Sourcing,French purchasing
compras,Supply Chain,Procurement & Sourcing,Spanish purchasing
inkoop,Supply Chain,Procurement & Sourcing,Dutch purchasing
acquisti,Supply Chain,Procurement & Sourcing,Italian purchasing
assembly,Manufacturing,,
tooling,Manufacturing,,
packaging,Manufacturing,,
works,Manufacturing,,
ehs,Quality,,
hse,Quality,,
safety,Quality,,
csm,Support,Customer Success,
client relations,Support,Customer Success,
onboarding,Support,Customer Success,
customer care,Support,Customer Support,
cx,Support,,
admin,Admin,,
administration,Admin,,
administrative,Admin,,
office management,Admin,,
reception,Admin,,
facility,Admin,,
travel,Admin,,
cao,Admin,,Chief Administrative Officer acronym
strategic,Strategy,,
sustainability,Strategy,,
esg,Strategy,,
csr,Strategy,,
founders office,Strategy,,
founder s office,Strategy,,
ceo office,Strategy,,
office of the ceo,Strategy,,
ventes,Sales,,French sales
vendite,Sales,,Italian sales
verkoop,Sales,,Dutch sales
vendas,Sales,,Portuguese sales
informatique,IT,,French IT
operaciones,Operations,,Spanish operations
calidad,Quality,,Spanish quality
juridique,Legal,,French legal
juridico,Legal,,Spanish legal
