keyword,notes
founder,
founders,
co founder,
co founders,
cofounder,
cofounders,
founding partner,
founding director,
owner,
owners,
co owner,
co owners,
coowner,
sole trader,
proprietor,
proprietors,
proprietress,
proprietrix,
proprieter,
propritor,
properitor,
propreitor,
prop,Indian abbreviation Prop.
promoter,India: promoter = owner family
promoters,India: promoter = owner family
partner,CA/law/consulting/VC owners at <500; drop with its exclude rows if firms are outside your ICP
partners,CA/law/consulting/VC owners at <500; drop with its exclude rows if firms are outside your ICP
managing partner,
managing partners,
senior partner,
equity partner,
managing member,
company director,UK owner-director phrasing
director shareholder,UK owner-director phrasing
director and shareholder,UK owner-director phrasing
shareholder director,UK owner-director phrasing
additional director,India Companies Act; usually promoter family at SMEs
addl director,India Companies Act; usually promoter family at SMEs
director,"NEW - made safe by the director exclude rows; residual leak is 'Director, <region> <function>'"
entrepreneur,
entrepreneurs,
enterpreneur,
entreprenuer,
businessman,
businesswoman,
business man,
business woman,
industrialist,
franchisee,
trustee,trust-run schools/hospitals/NGOs
managing trustee,trust-run schools/hospitals/NGOs
ceo,
co ceo,
deputy ceo,
chief executive,
chief exec,
cheif executive,
deputy chief executive,
md,keep the hospital/clinic company-name skip; medical specialties are in the exclude list
managing director,
managing directer,
manging director,
cmd,
jmd,
joint md,
jt md,
dmd,
deputy md,
dy md,
deputy managing director,
dy managing director,
whole time director,
wholetime director,
full time director,
wtd,
executive director,
exec director,
ed,NEW - Executive Director abbreviation; degree/ER forms are excluded
representative director,Japan/Korea
director general,EN gov/NGO; ES director general
president,
presedent,
chairman,
chariman,
chairperson,
chairwoman,
chair,
co chair,
executive chair,
board chair,
chair of the board,
vice chairman,
vice chairperson,
vice chair,
deputy chairman,
general manager,NEW - most debatable inclusion; de facto operator at hotels and Indian SMEs; functional and AGM/DGM forms excluded
gm,NEW - most debatable inclusion; de facto operator at hotels and Indian SMEs; functional and AGM/DGM forms excluded
principal,NEW - firm owners (design/architecture/law/consulting) and school heads; IC forms excluded
country head,
country manager,
country director,
geschaftsfuhrer,
geschaftsfuhrerin,
geschaftsfuhrender,
geschaftsfuhrende,
geschaftsfuhrung,
geschaftsleiter,
geschaftsleiterin,
geschaftsleitung,
inhaber,
inhaberin,
mitinhaber,
mitinhaberin,
firmeninhaber,
grunder,
grunderin,
mitgrunder,
mitgrunderin,
vorstandsvorsitzender,
vorstandsvorsitzende,
vorstand,
vorstandsmitglied,
generaldirektor,
verwaltungsratsprasident,
gesellschafter,
unternehmer,
unternehmerin,
stellvertretender geschaftsfuhrer,
pdg,
dg,
dga,
directeur general,
directrice generale,
directeur general adjoint,
directrice generale adjointe,
fondateur,
fondatrice,
cofondateur,
cofondatrice,
co fondateur,
co fondatrice,
gerant,
gerante,
cogerant,
co gerant,
dirigeant,
dirigeante,
chef d entreprise,
proprietaire,
co proprietaire,
administrateur delegue,
administratrice deleguee,
associe,
associee,
membre du directoire,
fundador,
fundadora,
cofundador,
cofundadora,
co fundador,
co fundadora,
dueno,
duena,
dono,
propietario,
propietaria,
proprietario,
proprietaria,
gerente general,
directora general,
diretor geral,
diretora geral,
director ejecutivo,
directora ejecutiva,
diretor executivo,
diretora executiva,
consejero delegado,
consejera delegada,
administrador unico,
administradora unica,
presidente,
presidenta,
socio,
socia,
empresario,
empresaria,
fondatore,
cofondatore,
co fondatore,
titolare,
amministratore delegato,
amministratrice delegata,
amministratore unico,
direttore generale,
direttrice generale,
imprenditore,
imprenditrice,
oprichter,
oprichtster,
medeoprichter,
mede oprichter,
co oprichter,
eigenaar,
eigenaresse,
medeeigenaar,
mede eigenaar,
directeur eigenaar,
directeur grootaandeelhouder,
algemeen directeur,
bestuursvoorzitter,
zaakvoerder,
zaakvoerster,
bestuurder,
vennoot,
vd,
verkstallande direktor,
grundare,
medgrundare,
agare,
delagare,
styrelseordforande,
styrelseledamot,
prezes,
prezeska,
wiceprezes,
wlasciciel,
wlascicielka,
wspolwlasciciel,
wspolwlascicielka,
zalozyciel,
zalozycielka,
wspolzalozyciel,
wspolzalozycielka,
dyrektor generalny,
dyrektor generalna,
dyrektor zarzadzajacy,
dyrektor zarzadzajaca,
czlonek zarzadu,
przedsiebiorca,
