keyword,protects
vice president,president
vice presidente,president
vice presidenta,president
president elect,president
club president,president
chapter president,president
student president,president
class president,president
council president,president
union president,president
product owner,owner
product owners,owner
process owner,owner
service owner,owner
system owner,owner
systems owner,owner
application owner,owner
data owner,owner
platform owner,owner
budget owner,owner
risk owner,owner
feature owner,owner
module owner,owner
component owner,owner
account owner,owner
test owner,owner
owners rep,owner
owners representative,owner
owner representative,owner
business partner,partner
business partners,partner
people partner,partner
talent partner,partner
hiring partner,partner
recruitment partner,partner
recruiting partner,partner
hr partner,partner
finance partner,partner
partner manager,partner
partner success,partner
partner marketing,partner
partner sales,partner
partner development,partner
partner account,partner
partner program,partner
partner programs,partner
partner solutions,partner
partner engineer,partner
partner engineering,partner
partner support,partner
partner enablement,partner
partner relations,partner
partner relationship,partner
partner ecosystem,partner
partner network,partner
partner operations,partner
channel partner,partner
channel partners,partner
associate partner,partner
limited partner,partner
venture partner,partner
operating partner,partner
client partner,partner
delivery partner,partner
strategic partner,partner
technical partner,partner
implementation partner,partner
implementation partners,partner
growth partner,partner
account partner,partner
solution partner,partner
solutions partner,partner
alliance partner,partner
alliances partner,partner
brand promoter,promoter
sales promoter,promoter
event promoter,promoter
music promoter,promoter
club promoter,promoter
trade promoter,promoter
in store promoter,promoter
health promoter,promoter
prop trader,prop
prop trading,prop
prop desk,prop
prop firm,prop
prop master,prop
prop maker,prop
prop house,prop
prop designer,prop
prop stylist,prop
aspiring entrepreneur,entrepreneur
future entrepreneur,entrepreneur
wannabe entrepreneur,entrepreneur
budding entrepreneur,entrepreneur
student entrepreneur,entrepreneur
entrepreneur in residence,entrepreneur
entrepreneur in making,entrepreneur
dg set,dg
dg sets,dg
ceo coach,ceo
ceo advisor,ceo
ceo mentor,ceo
ceo whisperer,ceo
mbbs md,md
md mbbs,md
md dnb,md
dnb md,md
md phd,md
md medicine,md
md general medicine,md
md internal medicine,md
md pediatrics,md
md paediatrics,md
md radiology,md
md dermatology,md
md psychiatry,md
md pathology,md
md microbiology,md
md anaesthesia,md
md anesthesia,md
md anaesthesiology,md
md anesthesiology,md
md ayurveda,md
md homeopathy,md
md homoeopathy,md
md pharmacology,md
md physiology,md
md anatomy,md
md biochemistry,md
md community medicine,md
md obstetrics,md
md gynaecology,md
md gynecology,md
md obgyn,md
md pulmonology,md
md chest,md
md tb,md
md respiratory,md
md cardiology,md
md neurology,md
md oncology,md
md nephrology,md
md emergency,md
md emergency medicine,md
md family medicine,md
md forensic,md
md unani,md
md siddha,md
md resident,md
md candidate,md
md student,md
md fellow,md
physician md,md
doctor md,md
md physician,md
md doctor,md
md facp,md
md frcp,md
md mrcp,md
md mph,md
m ed,ed
b ed,ed
d ed,ed
ed d,ed
co ed,ed
phys ed,ed
special ed,ed
ed tech,ed
higher ed,ed
continuing ed,ed
adult ed,ed
ed physician,ed
ed nurse,ed
ed doctor,ed
ed resident,ed
ed pharmacist,ed
ed director,ed
director of,director
senior director,director
sr director,director
associate director,director
assistant director,director
asst director,director
deputy director,director
dy director,director
joint director,director
jt director,director
regional director,director
area director,director
zonal director,director
group director,director
cluster director,director
divisional director,director
independent director,director
non executive director,director
nominee director,director
alternate director,director
board director,director
art director,director
creative director,director
technical director,director
medical director,director
clinical director,director
music director,director
film director,director
casting director,director
athletic director,director
funeral director,director
sports director,director
cruise director,director
festival director,director
tournament director,director
course director,director
studio director,director
program director,director
programme director,director
project director,director
account director,director
client director,director
brand director,director
nursing director,director
director sales,director
sales director,director
general manager sales,general manager / gm
sales general manager,general manager / gm
gm sales,general manager / gm
sales gm,general manager / gm
director marketing,director
marketing director,director
general manager marketing,general manager / gm
marketing general manager,general manager / gm
gm marketing,general manager / gm
marketing gm,general manager / gm
director hr,director
hr director,director
general manager hr,general manager / gm
hr general manager,general manager / gm
gm hr,general manager / gm
hr gm,general manager / gm
director human resources,director
human resources director,director
general manager human resources,general manager / gm
human resources general manager,general manager / gm
gm human resources,general manager / gm
human resources gm,general manager / gm
director finance,director
finance director,director
general manager finance,general manager / gm
finance general manager,general manager / gm
gm finance,general manager / gm
finance gm,general manager / gm
director accounts,director
accounts director,director
general manager accounts,general manager / gm
accounts general manager,general manager / gm
gm accounts,general manager / gm
accounts gm,general manager / gm
director accounting,director
accounting director,director
general manager accounting,general manager / gm
accounting general manager,general manager / gm
gm accounting,general manager / gm
accounting gm,general manager / gm
director operations,director
operations director,director
general manager operations,general manager / gm
operations general manager,general manager / gm
gm operations,general manager / gm
operations gm,general manager / gm
director ops,director
ops director,director
general manager ops,general manager / gm
ops general manager,general manager / gm
gm ops,general manager / gm
ops gm,general manager / gm
director engineering,director
engineering director,director
general manager engineering,general manager / gm
engineering general manager,general manager / gm
gm engineering,general manager / gm
engineering gm,general manager / gm
director technology,director
technology director,director
general manager technology,general manager / gm
technology general manager,general manager / gm
gm technology,general manager / gm
technology gm,general manager / gm
director technical,director
general manager technical,general manager / gm
technical general manager,general manager / gm
gm technical,general manager / gm
technical gm,general manager / gm
director tech,director
tech director,director
general manager tech,general manager / gm
tech general manager,general manager / gm
gm tech,general manager / gm
tech gm,general manager / gm
director it,director
it director,director
general manager it,general manager / gm
it general manager,general manager / gm
gm it,general manager / gm
it gm,general manager / gm
director product,director
product director,director
general manager product,general manager / gm
product general manager,general manager / gm
gm product,general manager / gm
product gm,general manager / gm
director products,director
products director,director
general manager products,general manager / gm
products general manager,general manager / gm
gm products,general manager / gm
products gm,general manager / gm
director design,director
design director,director
general manager design,general manager / gm
design general manager,general manager / gm
gm design,general manager / gm
design gm,general manager / gm
director strategy,director
strategy director,director
general manager strategy,general manager / gm
strategy general manager,general manager / gm
gm strategy,general manager / gm
strategy gm,general manager / gm
director legal,director
legal director,director
general manager legal,general manager / gm
legal general manager,general manager / gm
gm legal,general manager / gm
legal gm,general manager / gm
director quality,director
quality director,director
general manager quality,general manager / gm
quality general manager,general manager / gm
gm quality,general manager / gm
quality gm,general manager / gm
director qa,director
qa director,director
general manager qa,general manager / gm
qa general manager,general manager / gm
gm qa,general manager / gm
qa gm,general manager / gm
director qc,director
qc director,director
general manager qc,general manager / gm
qc general manager,general manager / gm
gm qc,general manager / gm
qc gm,general manager / gm
director supply chain,director
supply chain director,director
general manager supply chain,general manager / gm
supply chain general manager,general manager / gm
gm supply chain,general manager / gm
supply chain gm,general manager / gm
director procurement,director
procurement director,director
general manager procurement,general manager / gm
procurement general manager,general manager / gm
gm procurement,general manager / gm
procurement gm,general manager / gm
director purchase,director
purchase director,director
general manager purchase,general manager / gm
purchase general manager,general manager / gm
gm purchase,general manager / gm
purchase gm,general manager / gm
director purchasing,director
purchasing director,director
general manager purchasing,general manager / gm
purchasing general manager,general manager / gm
gm purchasing,general manager / gm
purchasing gm,general manager / gm
director logistics,director
logistics director,director
general manager logistics,general manager / gm
logistics general manager,general manager / gm
gm logistics,general manager / gm
logistics gm,general manager / gm
director bd,director
bd director,director
general manager bd,general manager / gm
bd general manager,general manager / gm
gm bd,general manager / gm
bd gm,general manager / gm
director business development,director
business development director,director
general manager business development,general manager / gm
business development general manager,general manager / gm
gm business development,general manager / gm
business development gm,general manager / gm
director projects,director
projects director,director
general manager projects,general manager / gm
projects general manager,general manager / gm
gm projects,general manager / gm
projects gm,general manager / gm
director project,director
general manager project,general manager / gm
project general manager,general manager / gm
gm project,general manager / gm
project gm,general manager / gm
director programs,director
programs director,director
general manager programs,general manager / gm
programs general manager,general manager / gm
gm programs,general manager / gm
programs gm,general manager / gm
director program,director
general manager program,general manager / gm
program general manager,general manager / gm
gm program,general manager / gm
program gm,general manager / gm
director programme,director
general manager programme,general manager / gm
programme general manager,general manager / gm
gm programme,general manager / gm
programme gm,general manager / gm
director delivery,director
delivery director,director
general manager delivery,general manager / gm
delivery general manager,general manager / gm
gm delivery,general manager / gm
delivery gm,general manager / gm
director research,director
research director,director
general manager research,general manager / gm
research general manager,general manager / gm
gm research,general manager / gm
research gm,general manager / gm
director rnd,director
rnd director,director
general manager rnd,general manager / gm
rnd general manager,general manager / gm
gm rnd,general manager / gm
rnd gm,general manager / gm
director manufacturing,director
manufacturing director,director
general manager manufacturing,general manager / gm
manufacturing general manager,general manager / gm
gm manufacturing,general manager / gm
manufacturing gm,general manager / gm
director production,director
production director,director
general manager production,general manager / gm
production general manager,general manager / gm
gm production,general manager / gm
production gm,general manager / gm
director plant,director
plant director,director
general manager plant,general manager / gm
plant general manager,general manager / gm
gm plant,general manager / gm
plant gm,general manager / gm
director works,director
works director,director
general manager works,general manager / gm
works general manager,general manager / gm
gm works,general manager / gm
works gm,general manager / gm
director commercial,director
commercial director,director
general manager commercial,general manager / gm
commercial general manager,general manager / gm
gm commercial,general manager / gm
commercial gm,general manager / gm
director clinical,director
general manager clinical,general manager / gm
clinical general manager,general manager / gm
gm clinical,general manager / gm
clinical gm,general manager / gm
director medical,director
general manager medical,general manager / gm
medical general manager,general manager / gm
gm medical,general manager / gm
medical gm,general manager / gm
director regulatory,director
regulatory director,director
general manager regulatory,general manager / gm
regulatory general manager,general manager / gm
gm regulatory,general manager / gm
regulatory gm,general manager / gm
director compliance,director
compliance director,director
general manager compliance,general manager / gm
compliance general manager,general manager / gm
gm compliance,general manager / gm
compliance gm,general manager / gm
director risk,director
risk director,director
general manager risk,general manager / gm
risk general manager,general manager / gm
gm risk,general manager / gm
risk gm,general manager / gm
director audit,director
audit director,director
general manager audit,general manager / gm
audit general manager,general manager / gm
gm audit,general manager / gm
audit gm,general manager / gm
director tax,director
tax director,director
general manager tax,general manager / gm
tax general manager,general manager / gm
gm tax,general manager / gm
tax gm,general manager / gm
director treasury,director
treasury director,director
general manager treasury,general manager / gm
treasury general manager,general manager / gm
gm treasury,general manager / gm
treasury gm,general manager / gm
director partnerships,director
partnerships director,director
general manager partnerships,general manager / gm
partnerships general manager,general manager / gm
gm partnerships,general manager / gm
partnerships gm,general manager / gm
director alliances,director
alliances director,director
general manager alliances,general manager / gm
alliances general manager,general manager / gm
gm alliances,general manager / gm
alliances gm,general manager / gm
director channel,director
channel director,director
general manager channel,general manager / gm
channel general manager,general manager / gm
gm channel,general manager / gm
channel gm,general manager / gm
director channels,director
channels director,director
general manager channels,general manager / gm
channels general manager,general manager / gm
gm channels,general manager / gm
channels gm,general manager / gm
director revenue,director
revenue director,director
general manager revenue,general manager / gm
revenue general manager,general manager / gm
gm revenue,general manager / gm
revenue gm,general manager / gm
director growth,director
growth director,director
general manager growth,general manager / gm
growth general manager,general manager / gm
gm growth,general manager / gm
growth gm,general manager / gm
director content,director
content director,director
general manager content,general manager / gm
content general manager,general manager / gm
gm content,general manager / gm
content gm,general manager / gm
director brand,director
general manager brand,general manager / gm
brand general manager,general manager / gm
gm brand,general manager / gm
brand gm,general manager / gm
director communications,director
communications director,director
general manager communications,general manager / gm
communications general manager,general manager / gm
gm communications,general manager / gm
communications gm,general manager / gm
director comms,director
comms director,director
general manager comms,general manager / gm
comms general manager,general manager / gm
gm comms,general manager / gm
comms gm,general manager / gm
director pr,director
pr director,director
general manager pr,general manager / gm
pr general manager,general manager / gm
gm pr,general manager / gm
pr gm,general manager / gm
director people,director
people director,director
general manager people,general manager / gm
people general manager,general manager / gm
gm people,general manager / gm
people gm,general manager / gm
director talent,director
talent director,director
general manager talent,general manager / gm
talent general manager,general manager / gm
gm talent,general manager / gm
talent gm,general manager / gm
director training,director
training director,director
general manager training,general manager / gm
training general manager,general manager / gm
gm training,general manager / gm
training gm,general manager / gm
director learning,director
learning director,director
general manager learning,general manager / gm
learning general manager,general manager / gm
gm learning,general manager / gm
learning gm,general manager / gm
director academics,director
academics director,director
general manager academics,general manager / gm
academics general manager,general manager / gm
gm academics,general manager / gm
academics gm,general manager / gm
director academic,director
academic director,director
general manager academic,general manager / gm
academic general manager,general manager / gm
gm academic,general manager / gm
academic gm,general manager / gm
director admissions,director
admissions director,director
general manager admissions,general manager / gm
admissions general manager,general manager / gm
gm admissions,general manager / gm
admissions gm,general manager / gm
director security,director
security director,director
general manager security,general manager / gm
security general manager,general manager / gm
gm security,general manager / gm
security gm,general manager / gm
director infrastructure,director
infrastructure director,director
general manager infrastructure,general manager / gm
infrastructure general manager,general manager / gm
gm infrastructure,general manager / gm
infrastructure gm,general manager / gm
director data,director
data director,director
general manager data,general manager / gm
data general manager,general manager / gm
gm data,general manager / gm
data gm,general manager / gm
director analytics,director
analytics director,director
general manager analytics,general manager / gm
analytics general manager,general manager / gm
gm analytics,general manager / gm
analytics gm,general manager / gm
director customer,director
customer director,director
general manager customer,general manager / gm
customer general manager,general manager / gm
gm customer,general manager / gm
customer gm,general manager / gm
director support,director
support director,director
general manager support,general manager / gm
support general manager,general manager / gm
gm support,general manager / gm
support gm,general manager / gm
director admin,director
admin director,director
general manager admin,general manager / gm
admin general manager,general manager / gm
gm admin,general manager / gm
admin gm,general manager / gm
director administration,director
administration director,director
general manager administration,general manager / gm
administration general manager,general manager / gm
gm administration,general manager / gm
administration gm,general manager / gm
director software,director
software director,director
general manager software,general manager / gm
software general manager,general manager / gm
gm software,general manager / gm
software gm,general manager / gm
director platform,director
platform director,director
general manager platform,general manager / gm
platform general manager,general manager / gm
gm platform,general manager / gm
platform gm,general manager / gm
director cloud,director
cloud director,director
general manager cloud,general manager / gm
cloud general manager,general manager / gm
gm cloud,general manager / gm
cloud gm,general manager / gm
director devops,director
devops director,director
general manager devops,general manager / gm
devops general manager,general manager / gm
gm devops,general manager / gm
devops gm,general manager / gm
director mobile,director
mobile director,director
general manager mobile,general manager / gm
mobile general manager,general manager / gm
gm mobile,general manager / gm
mobile gm,general manager / gm
director exports,director
exports director,director
general manager exports,general manager / gm
exports general manager,general manager / gm
gm exports,general manager / gm
exports gm,general manager / gm
director export,director
export director,director
general manager export,general manager / gm
export general manager,general manager / gm
gm export,general manager / gm
export gm,general manager / gm
director sourcing,director
sourcing director,director
general manager sourcing,general manager / gm
sourcing general manager,general manager / gm
gm sourcing,general manager / gm
sourcing gm,general manager / gm
director merchandising,director
merchandising director,director
general manager merchandising,general manager / gm
merchandising general manager,general manager / gm
gm merchandising,general manager / gm
merchandising gm,general manager / gm
director retail,director
retail director,director
general manager retail,general manager / gm
retail general manager,general manager / gm
gm retail,general manager / gm
retail gm,general manager / gm
director stores,director
stores director,director
general manager stores,general manager / gm
stores general manager,general manager / gm
gm stores,general manager / gm
stores gm,general manager / gm
director store,director
store director,director
general manager store,general manager / gm
store general manager,general manager / gm
gm store,general manager / gm
store gm,general manager / gm
director events,director
events director,director
general manager events,general manager / gm
events general manager,general manager / gm
gm events,general manager / gm
events gm,general manager / gm
director creative,director
general manager creative,general manager / gm
creative general manager,general manager / gm
gm creative,general manager / gm
creative gm,general manager / gm
director art,director
general manager art,general manager / gm
art general manager,general manager / gm
gm art,general manager / gm
art gm,general manager / gm
director nursing,director
general manager nursing,general manager / gm
nursing general manager,general manager / gm
gm nursing,general manager / gm
nursing gm,general manager / gm
director education,director
education director,director
general manager education,general manager / gm
education general manager,general manager / gm
gm education,general manager / gm
education gm,general manager / gm
director sports,director
general manager sports,general manager / gm
sports general manager,general manager / gm
gm sports,general manager / gm
sports gm,general manager / gm
director music,director
general manager music,general manager / gm
music general manager,general manager / gm
gm music,general manager / gm
music gm,general manager / gm
director film,director
general manager film,general manager / gm
film general manager,general manager / gm
gm film,general manager / gm
film gm,general manager / gm
director service,director
service director,director
general manager service,general manager / gm
service general manager,general manager / gm
gm service,general manager / gm
service gm,general manager / gm
director services,director
services director,director
general manager services,general manager / gm
services general manager,general manager / gm
gm services,general manager / gm
services gm,general manager / gm
director solutions,director
solutions director,director
general manager solutions,general manager / gm
solutions general manager,general manager / gm
gm solutions,general manager / gm
solutions gm,general manager / gm
director consulting,director
consulting director,director
general manager consulting,general manager / gm
consulting general manager,general manager / gm
gm consulting,general manager / gm
consulting gm,general manager / gm
director innovation,director
innovation director,director
general manager innovation,general manager / gm
innovation general manager,general manager / gm
gm innovation,general manager / gm
innovation gm,general manager / gm
director transformation,director
transformation director,director
general manager transformation,general manager / gm
transformation general manager,general manager / gm
gm transformation,general manager / gm
transformation gm,general manager / gm
director digital,director
digital director,director
general manager digital,general manager / gm
digital general manager,general manager / gm
gm digital,general manager / gm
digital gm,general manager / gm
director ecommerce,director
ecommerce director,director
general manager ecommerce,general manager / gm
ecommerce general manager,general manager / gm
gm ecommerce,general manager / gm
ecommerce gm,general manager / gm
director e commerce,director
e commerce director,director
general manager e commerce,general manager / gm
e commerce general manager,general manager / gm
gm e commerce,general manager / gm
e commerce gm,general manager / gm
director online,director
online director,director
general manager online,general manager / gm
online general manager,general manager / gm
gm online,general manager / gm
online gm,general manager / gm
director business,director
business director,director
general manager business,general manager / gm
business general manager,general manager / gm
gm business,general manager / gm
business gm,general manager / gm
director business unit,director
business unit director,director
general manager business unit,general manager / gm
business unit general manager,general manager / gm
gm business unit,general manager / gm
business unit gm,general manager / gm
director unit,director
unit director,director
general manager unit,general manager / gm
unit general manager,general manager / gm
gm unit,general manager / gm
unit gm,general manager / gm
director division,director
division director,director
general manager division,general manager / gm
division general manager,general manager / gm
gm division,general manager / gm
division gm,general manager / gm
director region,director
region director,director
general manager region,general manager / gm
region general manager,general manager / gm
gm region,general manager / gm
region gm,general manager / gm
director regional,director
general manager regional,general manager / gm
regional general manager,general manager / gm
gm regional,general manager / gm
regional gm,general manager / gm
director area,director
general manager area,general manager / gm
area general manager,general manager / gm
gm area,general manager / gm
area gm,general manager / gm
director zonal,director
general manager zonal,general manager / gm
zonal general manager,general manager / gm
gm zonal,general manager / gm
zonal gm,general manager / gm
director zone,director
zone director,director
general manager zone,general manager / gm
zone general manager,general manager / gm
gm zone,general manager / gm
zone gm,general manager / gm
director branch,director
branch director,director
general manager branch,general manager / gm
branch general manager,general manager / gm
gm branch,general manager / gm
branch gm,general manager / gm
general manager of,general manager / gm
gm of,general manager / gm
assistant general manager,general manager / gm
asst general manager,general manager / gm
deputy general manager,general manager / gm
dy general manager,general manager / gm
additional general manager,general manager / gm
addl general manager,general manager / gm
joint general manager,general manager / gm
jt general manager,general manager / gm
senior general manager,general manager / gm
sr general manager,general manager / gm
assistant gm,general manager / gm
asst gm,general manager / gm
deputy gm,general manager / gm
dy gm,general manager / gm
additional gm,general manager / gm
addl gm,general manager / gm
joint gm,general manager / gm
jt gm,general manager / gm
senior gm,general manager / gm
sr gm,general manager / gm
agm,general manager / gm
dgm,general manager / gm
jgm,general manager / gm
sgm,general manager / gm
principal engineer,principal
principal engineers,principal
principal architect,principal
principal consultant,principal
principal developer,principal
principal scientist,principal
principal designer,principal
principal analyst,principal
principal researcher,principal
principal software,principal
principal product,principal
principal program,principal
principal project,principal
principal pm,principal
principal data,principal
principal solutions,principal
principal solution,principal
principal advisor,principal
principal investigator,principal
principal associate,principal
principal officer,principal
principal member,principal
principal specialist,principal
principal strategist,principal
principal writer,principal
principal technologist,principal
principal technical,principal
principal sde,principal
principal staff,principal
principal ml,principal
principal ai,principal
principal research,principal
principal security,principal
principal cloud,principal
principal devops,principal
principal qa,principal
principal test,principal
principal systems,principal
principal network,principal
principal hardware,principal
principal firmware,principal
principal mechanical,principal
principal electrical,principal
principal civil,principal
principal structural,principal
principal process,principal
principal scientific,principal
principal statistician,principal
principal biostatistician,principal
principal economist,principal
principal actuary,principal
principal auditor,principal
principal accountant,principal
principal secretary,principal
principal correspondent,principal
principal dancer,principal
principal artist,principal
vice principal,principal
assistant principal,principal
asst principal,principal
deputy principal,principal
associate principal,principal
ceo s,ceo (EA / office / possessive / retired forms)
ceo office,ceo (EA / office / possessive / retired forms)
office of ceo,ceo (EA / office / possessive / retired forms)
office of the ceo,ceo (EA / office / possessive / retired forms)
to ceo,ceo (EA / office / possessive / retired forms)
to the ceo,ceo (EA / office / possessive / retired forms)
ea ceo,ceo (EA / office / possessive / retired forms)
pa ceo,ceo (EA / office / possessive / retired forms)
assistant ceo,ceo (EA / office / possessive / retired forms)
ceo assistant,ceo (EA / office / possessive / retired forms)
ceo emeritus,ceo (EA / office / possessive / retired forms)
ceo retd,ceo (EA / office / possessive / retired forms)
ceo retired,ceo (EA / office / possessive / retired forms)
md s,md (EA / office / possessive / retired forms)
md office,md (EA / office / possessive / retired forms)
office of md,md (EA / office / possessive / retired forms)
office of the md,md (EA / office / possessive / retired forms)
to md,md (EA / office / possessive / retired forms)
to the md,md (EA / office / possessive / retired forms)
ea md,md (EA / office / possessive / retired forms)
pa md,md (EA / office / possessive / retired forms)
assistant md,md (EA / office / possessive / retired forms)
md assistant,md (EA / office / possessive / retired forms)
md emeritus,md (EA / office / possessive / retired forms)
md retd,md (EA / office / possessive / retired forms)
md retired,md (EA / office / possessive / retired forms)
cmd s,cmd (EA / office / possessive / retired forms)
cmd office,cmd (EA / office / possessive / retired forms)
office of cmd,cmd (EA / office / possessive / retired forms)
office of the cmd,cmd (EA / office / possessive / retired forms)
to cmd,cmd (EA / office / possessive / retired forms)
to the cmd,cmd (EA / office / possessive / retired forms)
ea cmd,cmd (EA / office / possessive / retired forms)
pa cmd,cmd (EA / office / possessive / retired forms)
assistant cmd,cmd (EA / office / possessive / retired forms)
cmd assistant,cmd (EA / office / possessive / retired forms)
cmd emeritus,cmd (EA / office / possessive / retired forms)
cmd retd,cmd (EA / office / possessive / retired forms)
cmd retired,cmd (EA / office / possessive / retired forms)
jmd s,jmd (EA / office / possessive / retired forms)
jmd office,jmd (EA / office / possessive / retired forms)
office of jmd,jmd (EA / office / possessive / retired forms)
office of the jmd,jmd (EA / office / possessive / retired forms)
to jmd,jmd (EA / office / possessive / retired forms)
to the jmd,jmd (EA / office / possessive / retired forms)
ea jmd,jmd (EA / office / possessive / retired forms)
pa jmd,jmd (EA / office / possessive / retired forms)
assistant jmd,jmd (EA / office / possessive / retired forms)
jmd assistant,jmd (EA / office / possessive / retired forms)
jmd emeritus,jmd (EA / office / possessive / retired forms)
jmd retd,jmd (EA / office / possessive / retired forms)
jmd retired,jmd (EA / office / possessive / retired forms)
chairman s,chairman (EA / office / possessive / retired forms)
chairman office,chairman (EA / office / possessive / retired forms)
office of chairman,chairman (EA / office / possessive / retired forms)
office of the chairman,chairman (EA / office / possessive / retired forms)
to chairman,chairman (EA / office / possessive / retired forms)
to the chairman,chairman (EA / office / possessive / retired forms)
ea chairman,chairman (EA / office / possessive / retired forms)
pa chairman,chairman (EA / office / possessive / retired forms)
assistant chairman,chairman (EA / office / possessive / retired forms)
chairman assistant,chairman (EA / office / possessive / retired forms)
chairman emeritus,chairman (EA / office / possessive / retired forms)
chairman retd,chairman (EA / office / possessive / retired forms)
chairman retired,chairman (EA / office / possessive / retired forms)
chairperson s,chairperson (EA / office / possessive / retired forms)
chairperson office,chairperson (EA / office / possessive / retired forms)
office of chairperson,chairperson (EA / office / possessive / retired forms)
office of the chairperson,chairperson (EA / office / possessive / retired forms)
to chairperson,chairperson (EA / office / possessive / retired forms)
to the chairperson,chairperson (EA / office / possessive / retired forms)
ea chairperson,chairperson (EA / office / possessive / retired forms)
pa chairperson,chairperson (EA / office / possessive / retired forms)
assistant chairperson,chairperson (EA / office / possessive / retired forms)
chairperson assistant,chairperson (EA / office / possessive / retired forms)
chairperson emeritus,chairperson (EA / office / possessive / retired forms)
chairperson retd,chairperson (EA / office / possessive / retired forms)
chairperson retired,chairperson (EA / office / possessive / retired forms)
chair s,chair (EA / office / possessive / retired forms)
office of chair,chair (EA / office / possessive / retired forms)
office of the chair,chair (EA / office / possessive / retired forms)
to chair,chair (EA / office / possessive / retired forms)
to the chair,chair (EA / office / possessive / retired forms)
ea chair,chair (EA / office / possessive / retired forms)
pa chair,chair (EA / office / possessive / retired forms)
assistant chair,chair (EA / office / possessive / retired forms)
chair assistant,chair (EA / office / possessive / retired forms)
chair emeritus,chair (EA / office / possessive / retired forms)
chair retd,chair (EA / office / possessive / retired forms)
chair retired,chair (EA / office / possessive / retired forms)
vice chairman s,vice chairman (EA / office / possessive / retired forms)
vice chairman office,vice chairman (EA / office / possessive / retired forms)
office of vice chairman,vice chairman (EA / office / possessive / retired forms)
office of the vice chairman,vice chairman (EA / office / possessive / retired forms)
to vice chairman,vice chairman (EA / office / possessive / retired forms)
to the vice chairman,vice chairman (EA / office / possessive / retired forms)
ea vice chairman,vice chairman (EA / office / possessive / retired forms)
pa vice chairman,vice chairman (EA / office / possessive / retired forms)
assistant vice chairman,vice chairman (EA / office / possessive / retired forms)
vice chairman assistant,vice chairman (EA / office / possessive / retired forms)
vice chairman emeritus,vice chairman (EA / office / possessive / retired forms)
vice chairman retd,vice chairman (EA / office / possessive / retired forms)
vice chairman retired,vice chairman (EA / office / possessive / retired forms)
founder s,founder (EA / office / possessive / retired forms)
founder office,founder (EA / office / possessive / retired forms)
office of founder,founder (EA / office / possessive / retired forms)
office of the founder,founder (EA / office / possessive / retired forms)
to founder,founder (EA / office / possessive / retired forms)
to the founder,founder (EA / office / possessive / retired forms)
ea founder,founder (EA / office / possessive / retired forms)
pa founder,founder (EA / office / possessive / retired forms)
assistant founder,founder (EA / office / possessive / retired forms)
founder assistant,founder (EA / office / possessive / retired forms)
founder emeritus,founder (EA / office / possessive / retired forms)
founder retd,founder (EA / office / possessive / retired forms)
founder retired,founder (EA / office / possessive / retired forms)
founders s,founders (EA / office / possessive / retired forms)
founders office,founders (EA / office / possessive / retired forms)
office of founders,founders (EA / office / possessive / retired forms)
office of the founders,founders (EA / office / possessive / retired forms)
to founders,founders (EA / office / possessive / retired forms)
to the founders,founders (EA / office / possessive / retired forms)
ea founders,founders (EA / office / possessive / retired forms)
pa founders,founders (EA / office / possessive / retired forms)
assistant founders,founders (EA / office / possessive / retired forms)
founders assistant,founders (EA / office / possessive / retired forms)
founders emeritus,founders (EA / office / possessive / retired forms)
founders retd,founders (EA / office / possessive / retired forms)
founders retired,founders (EA / office / possessive / retired forms)
co founder s,co founder (EA / office / possessive / retired forms)
co founder office,co founder (EA / office / possessive / retired forms)
office of co founder,co founder (EA / office / possessive / retired forms)
office of the co founder,co founder (EA / office / possessive / retired forms)
to co founder,co founder (EA / office / possessive / retired forms)
to the co founder,co founder (EA / office / possessive / retired forms)
ea co founder,co founder (EA / office / possessive / retired forms)
pa co founder,co founder (EA / office / possessive / retired forms)
assistant co founder,co founder (EA / office / possessive / retired forms)
co founder assistant,co founder (EA / office / possessive / retired forms)
co founder emeritus,co founder (EA / office / possessive / retired forms)
co founder retd,co founder (EA / office / possessive / retired forms)
co founder retired,co founder (EA / office / possessive / retired forms)
cofounder s,cofounder (EA / office / possessive / retired forms)
cofounder office,cofounder (EA / office / possessive / retired forms)
office of cofounder,cofounder (EA / office / possessive / retired forms)
office of the cofounder,cofounder (EA / office / possessive / retired forms)
to cofounder,cofounder (EA / office / possessive / retired forms)
to the cofounder,cofounder (EA / office / possessive / retired forms)
ea cofounder,cofounder (EA / office / possessive / retired forms)
pa cofounder,cofounder (EA / office / possessive / retired forms)
assistant cofounder,cofounder (EA / office / possessive / retired forms)
cofounder assistant,cofounder (EA / office / possessive / retired forms)
cofounder emeritus,cofounder (EA / office / possessive / retired forms)
cofounder retd,cofounder (EA / office / possessive / retired forms)
cofounder retired,cofounder (EA / office / possessive / retired forms)
president s,president (EA / office / possessive / retired forms)
president office,president (EA / office / possessive / retired forms)
office of president,president (EA / office / possessive / retired forms)
office of the president,president (EA / office / possessive / retired forms)
to president,president (EA / office / possessive / retired forms)
to the president,president (EA / office / possessive / retired forms)
ea president,president (EA / office / possessive / retired forms)
pa president,president (EA / office / possessive / retired forms)
assistant president,president (EA / office / possessive / retired forms)
president assistant,president (EA / office / possessive / retired forms)
president emeritus,president (EA / office / possessive / retired forms)
president retd,president (EA / office / possessive / retired forms)
president retired,president (EA / office / possessive / retired forms)
managing director s,managing director (EA / office / possessive / retired forms)
managing director office,managing director (EA / office / possessive / retired forms)
office of managing director,managing director (EA / office / possessive / retired forms)
office of the managing director,managing director (EA / office / possessive / retired forms)
to managing director,managing director (EA / office / possessive / retired forms)
to the managing director,managing director (EA / office / possessive / retired forms)
ea managing director,managing director (EA / office / possessive / retired forms)
pa managing director,managing director (EA / office / possessive / retired forms)
assistant managing director,managing director (EA / office / possessive / retired forms)
managing director assistant,managing director (EA / office / possessive / retired forms)
managing director emeritus,managing director (EA / office / possessive / retired forms)
managing director retd,managing director (EA / office / possessive / retired forms)
managing director retired,managing director (EA / office / possessive / retired forms)
executive director s,executive director (EA / office / possessive / retired forms)
executive director office,executive director (EA / office / possessive / retired forms)
office of executive director,executive director (EA / office / possessive / retired forms)
office of the executive director,executive director (EA / office / possessive / retired forms)
to executive director,executive director (EA / office / possessive / retired forms)
to the executive director,executive director (EA / office / possessive / retired forms)
ea executive director,executive director (EA / office / possessive / retired forms)
pa executive director,executive director (EA / office / possessive / retired forms)
assistant executive director,executive director (EA / office / possessive / retired forms)
executive director assistant,executive director (EA / office / possessive / retired forms)
executive director emeritus,executive director (EA / office / possessive / retired forms)
executive director retd,executive director (EA / office / possessive / retired forms)
executive director retired,executive director (EA / office / possessive / retired forms)
director s,director (EA / office / possessive / retired forms)
director office,director (EA / office / possessive / retired forms)
office of director,director (EA / office / possessive / retired forms)
office of the director,director (EA / office / possessive / retired forms)
to director,director (EA / office / possessive / retired forms)
to the director,director (EA / office / possessive / retired forms)
ea director,director (EA / office / possessive / retired forms)
pa director,director (EA / office / possessive / retired forms)
director assistant,director (EA / office / possessive / retired forms)
director emeritus,director (EA / office / possessive / retired forms)
director retd,director (EA / office / possessive / retired forms)
director retired,director (EA / office / possessive / retired forms)
chief executive s,chief executive (EA / office / possessive / retired forms)
chief executive office,chief executive (EA / office / possessive / retired forms)
office of chief executive,chief executive (EA / office / possessive / retired forms)
office of the chief executive,chief executive (EA / office / possessive / retired forms)
to chief executive,chief executive (EA / office / possessive / retired forms)
to the chief executive,chief executive (EA / office / possessive / retired forms)
ea chief executive,chief executive (EA / office / possessive / retired forms)
pa chief executive,chief executive (EA / office / possessive / retired forms)
assistant chief executive,chief executive (EA / office / possessive / retired forms)
chief executive assistant,chief executive (EA / office / possessive / retired forms)
chief executive emeritus,chief executive (EA / office / possessive / retired forms)
chief executive retd,chief executive (EA / office / possessive / retired forms)
chief executive retired,chief executive (EA / office / possessive / retired forms)
owner s,owner (EA / office / possessive / retired forms)
office of owner,owner (EA / office / possessive / retired forms)
office of the owner,owner (EA / office / possessive / retired forms)
to owner,owner (EA / office / possessive / retired forms)
to the owner,owner (EA / office / possessive / retired forms)
ea owner,owner (EA / office / possessive / retired forms)
pa owner,owner (EA / office / possessive / retired forms)
assistant owner,owner (EA / office / possessive / retired forms)
owner assistant,owner (EA / office / possessive / retired forms)
owner emeritus,owner (EA / office / possessive / retired forms)
owner retd,owner (EA / office / possessive / retired forms)
owner retired,owner (EA / office / possessive / retired forms)
proprietor s,proprietor (EA / office / possessive / retired forms)
office of proprietor,proprietor (EA / office / possessive / retired forms)
office of the proprietor,proprietor (EA / office / possessive / retired forms)
to proprietor,proprietor (EA / office / possessive / retired forms)
to the proprietor,proprietor (EA / office / possessive / retired forms)
ea proprietor,proprietor (EA / office / possessive / retired forms)
pa proprietor,proprietor (EA / office / possessive / retired forms)
assistant proprietor,proprietor (EA / office / possessive / retired forms)
proprietor assistant,proprietor (EA / office / possessive / retired forms)
proprietor emeritus,proprietor (EA / office / possessive / retired forms)
proprietor retd,proprietor (EA / office / possessive / retired forms)
proprietor retired,proprietor (EA / office / possessive / retired forms)
partner s,partner (EA / office / possessive / retired forms)
office of partner,partner (EA / office / possessive / retired forms)
office of the partner,partner (EA / office / possessive / retired forms)
to partner,partner (EA / office / possessive / retired forms)
to the partner,partner (EA / office / possessive / retired forms)
ea partner,partner (EA / office / possessive / retired forms)
pa partner,partner (EA / office / possessive / retired forms)
assistant partner,partner (EA / office / possessive / retired forms)
partner assistant,partner (EA / office / possessive / retired forms)
partner emeritus,partner (EA / office / possessive / retired forms)
partner retd,partner (EA / office / possessive / retired forms)
partner retired,partner (EA / office / possessive / retired forms)
managing partner s,managing partner (EA / office / possessive / retired forms)
office of managing partner,managing partner (EA / office / possessive / retired forms)
office of the managing partner,managing partner (EA / office / possessive / retired forms)
to managing partner,managing partner (EA / office / possessive / retired forms)
to the managing partner,managing partner (EA / office / possessive / retired forms)
ea managing partner,managing partner (EA / office / possessive / retired forms)
pa managing partner,managing partner (EA / office / possessive / retired forms)
assistant managing partner,managing partner (EA / office / possessive / retired forms)
managing partner assistant,managing partner (EA / office / possessive / retired forms)
managing partner emeritus,managing partner (EA / office / possessive / retired forms)
managing partner retd,managing partner (EA / office / possessive / retired forms)
managing partner retired,managing partner (EA / office / possessive / retired forms)
gm s,gm (EA / office / possessive / retired forms)
office of gm,gm (EA / office / possessive / retired forms)
office of the gm,gm (EA / office / possessive / retired forms)
to gm,gm (EA / office / possessive / retired forms)
to the gm,gm (EA / office / possessive / retired forms)
ea gm,gm (EA / office / possessive / retired forms)
pa gm,gm (EA / office / possessive / retired forms)
gm assistant,gm (EA / office / possessive / retired forms)
gm emeritus,gm (EA / office / possessive / retired forms)
gm retd,gm (EA / office / possessive / retired forms)
gm retired,gm (EA / office / possessive / retired forms)
general manager s,general manager (EA / office / possessive / retired forms)
office of general manager,general manager (EA / office / possessive / retired forms)
office of the general manager,general manager (EA / office / possessive / retired forms)
to general manager,general manager (EA / office / possessive / retired forms)
to the general manager,general manager (EA / office / possessive / retired forms)
ea general manager,general manager (EA / office / possessive / retired forms)
pa general manager,general manager (EA / office / possessive / retired forms)
general manager assistant,general manager (EA / office / possessive / retired forms)
general manager emeritus,general manager (EA / office / possessive / retired forms)
general manager retd,general manager (EA / office / possessive / retired forms)
general manager retired,general manager (EA / office / possessive / retired forms)
principal s,principal (EA / office / possessive / retired forms)
office of principal,principal (EA / office / possessive / retired forms)
office of the principal,principal (EA / office / possessive / retired forms)
to principal,principal (EA / office / possessive / retired forms)
to the principal,principal (EA / office / possessive / retired forms)
ea principal,principal (EA / office / possessive / retired forms)
pa principal,principal (EA / office / possessive / retired forms)
principal assistant,principal (EA / office / possessive / retired forms)
principal emeritus,principal (EA / office / possessive / retired forms)
principal retd,principal (EA / office / possessive / retired forms)
principal retired,principal (EA / office / possessive / retired forms)
ed s,ed (EA / office / possessive / retired forms)
ed office,ed (EA / office / possessive / retired forms)
office of ed,ed (EA / office / possessive / retired forms)
office of the ed,ed (EA / office / possessive / retired forms)
to ed,ed (EA / office / possessive / retired forms)
to the ed,ed (EA / office / possessive / retired forms)
ea ed,ed (EA / office / possessive / retired forms)
pa ed,ed (EA / office / possessive / retired forms)
assistant ed,ed (EA / office / possessive / retired forms)
ed assistant,ed (EA / office / possessive / retired forms)
ed emeritus,ed (EA / office / possessive / retired forms)
ed retd,ed (EA / office / possessive / retired forms)
ed retired,ed (EA / office / possessive / retired forms)
promoter s,promoter (EA / office / possessive / retired forms)
office of promoter,promoter (EA / office / possessive / retired forms)
office of the promoter,promoter (EA / office / possessive / retired forms)
to promoter,promoter (EA / office / possessive / retired forms)
to the promoter,promoter (EA / office / possessive / retired forms)
ea promoter,promoter (EA / office / possessive / retired forms)
pa promoter,promoter (EA / office / possessive / retired forms)
assistant promoter,promoter (EA / office / possessive / retired forms)
promoter assistant,promoter (EA / office / possessive / retired forms)
promoter emeritus,promoter (EA / office / possessive / retired forms)
promoter retd,promoter (EA / office / possessive / retired forms)
promoter retired,promoter (EA / office / possessive / retired forms)
trustee s,trustee (EA / office / possessive / retired forms)
office of trustee,trustee (EA / office / possessive / retired forms)
office of the trustee,trustee (EA / office / possessive / retired forms)
to trustee,trustee (EA / office / possessive / retired forms)
to the trustee,trustee (EA / office / possessive / retired forms)
ea trustee,trustee (EA / office / possessive / retired forms)
pa trustee,trustee (EA / office / possessive / retired forms)
assistant trustee,trustee (EA / office / possessive / retired forms)
trustee assistant,trustee (EA / office / possessive / retired forms)
trustee emeritus,trustee (EA / office / possessive / retired forms)
trustee retd,trustee (EA / office / possessive / retired forms)
trustee retired,trustee (EA / office / possessive / retired forms)
country head s,country head (EA / office / possessive / retired forms)
office of country head,country head (EA / office / possessive / retired forms)
office of the country head,country head (EA / office / possessive / retired forms)
to country head,country head (EA / office / possessive / retired forms)
to the country head,country head (EA / office / possessive / retired forms)
ea country head,country head (EA / office / possessive / retired forms)
pa country head,country head (EA / office / possessive / retired forms)
assistant country head,country head (EA / office / possessive / retired forms)
country head assistant,country head (EA / office / possessive / retired forms)
country head emeritus,country head (EA / office / possessive / retired forms)
country head retd,country head (EA / office / possessive / retired forms)
country head retired,country head (EA / office / possessive / retired forms)
deputy md s,deputy md (EA / office / possessive / retired forms)
deputy md office,deputy md (EA / office / possessive / retired forms)
office of deputy md,deputy md (EA / office / possessive / retired forms)
office of the deputy md,deputy md (EA / office / possessive / retired forms)
to deputy md,deputy md (EA / office / possessive / retired forms)
to the deputy md,deputy md (EA / office / possessive / retired forms)
ea deputy md,deputy md (EA / office / possessive / retired forms)
pa deputy md,deputy md (EA / office / possessive / retired forms)
assistant deputy md,deputy md (EA / office / possessive / retired forms)
deputy md assistant,deputy md (EA / office / possessive / retired forms)
deputy md emeritus,deputy md (EA / office / possessive / retired forms)
deputy md retd,deputy md (EA / office / possessive / retired forms)
deputy md retired,deputy md (EA / office / possessive / retired forms)
dmd s,dmd (EA / office / possessive / retired forms)
dmd office,dmd (EA / office / possessive / retired forms)
office of dmd,dmd (EA / office / possessive / retired forms)
office of the dmd,dmd (EA / office / possessive / retired forms)
to dmd,dmd (EA / office / possessive / retired forms)
to the dmd,dmd (EA / office / possessive / retired forms)
ea dmd,dmd (EA / office / possessive / retired forms)
pa dmd,dmd (EA / office / possessive / retired forms)
assistant dmd,dmd (EA / office / possessive / retired forms)
dmd assistant,dmd (EA / office / possessive / retired forms)
dmd emeritus,dmd (EA / office / possessive / retired forms)
dmd retd,dmd (EA / office / possessive / retired forms)
dmd retired,dmd (EA / office / possessive / retired forms)
deputy ceo s,deputy ceo (EA / office / possessive / retired forms)
deputy ceo office,deputy ceo (EA / office / possessive / retired forms)
office of deputy ceo,deputy ceo (EA / office / possessive / retired forms)
office of the deputy ceo,deputy ceo (EA / office / possessive / retired forms)
to deputy ceo,deputy ceo (EA / office / possessive / retired forms)
to the deputy ceo,deputy ceo (EA / office / possessive / retired forms)
ea deputy ceo,deputy ceo (EA / office / possessive / retired forms)
pa deputy ceo,deputy ceo (EA / office / possessive / retired forms)
assistant deputy ceo,deputy ceo (EA / office / possessive / retired forms)
deputy ceo assistant,deputy ceo (EA / office / possessive / retired forms)
deputy ceo emeritus,deputy ceo (EA / office / possessive / retired forms)
deputy ceo retd,deputy ceo (EA / office / possessive / retired forms)
deputy ceo retired,deputy ceo (EA / office / possessive / retired forms)
aspiring ceo,ceo
future ceo,ceo
aspiring founder,founder
future founder,founder
aspiring cofounder,cofounder
future cofounder,cofounder
aspiring co founder,co founder
future co founder,co founder
aspiring owner,owner
future owner,owner
aspiring businessman,businessman
future businessman,businessman
aspiring businesswoman,businesswoman
future businesswoman,businesswoman
aspiring industrialist,industrialist
future industrialist,industrialist
aspiring md,md
future md,md
aspiring director,director
future director,director
aspiring chairman,chairman
future chairman,chairman
aspiring president,president
future president,president
aspiring partner,partner
future partner,partner
aspiring principal,principal
future principal,principal
assistenz der geschaftsfuhrung,geschaftsfuhrung (EA / possessive forms)
assistentin der geschaftsfuhrung,geschaftsfuhrung (EA / possessive forms)
assistent der geschaftsfuhrung,geschaftsfuhrung (EA / possessive forms)
sekretariat der geschaftsfuhrung,geschaftsfuhrung (EA / possessive forms)
assistenz geschaftsfuhrung,geschaftsfuhrung (EA / possessive forms)
buro der geschaftsfuhrung,geschaftsfuhrung (EA / possessive forms)
assistenz der geschaftsleitung,geschaftsleitung (EA / possessive forms)
assistentin der geschaftsleitung,geschaftsleitung (EA / possessive forms)
assistent der geschaftsleitung,geschaftsleitung (EA / possessive forms)
assistenz vorstand,vorstand (EA / possessive forms)
des ceo,ceo (DE) (EA / possessive forms)
du pdg,pdg (EA / possessive forms)
du dg,dg (EA / possessive forms)
du president,president (FR) (EA / possessive forms)
du directeur general,directeur general (EA / possessive forms)
du fondateur,fondateur (EA / possessive forms)
de la fondatrice,fondatrice (EA / possessive forms)
de la presidente,presidente (EA / possessive forms)
du gerant,gerant (EA / possessive forms)
du dirigeant,dirigeant (EA / possessive forms)
del ceo,ceo (ES/IT) (EA / possessive forms)
del presidente,presidente (EA / possessive forms)
de la presidenta,presidenta (EA / possessive forms)
del director general,director general (EA / possessive forms)
de la directora general,directora general (EA / possessive forms)
del gerente general,gerente general (EA / possessive forms)
del fundador,fundador (EA / possessive forms)
de la fundadora,fundadora (EA / possessive forms)
del dueno,dueno (EA / possessive forms)
del fondatore,fondatore (EA / possessive forms)
del titolare,titolare (EA / possessive forms)
del direttore generale,direttore generale (EA / possessive forms)
dell amministratore delegato,amministratore delegato (EA / possessive forms)
do ceo,ceo (PT) (EA / possessive forms)
do presidente,presidente (EA / possessive forms)
do fundador,fundador (EA / possessive forms)
da fundadora,fundadora (EA / possessive forms)
do diretor geral,diretor geral (EA / possessive forms)
do dono,dono (EA / possessive forms)
van de ceo,ceo (NL) (EA / possessive forms)
van de oprichter,oprichter (EA / possessive forms)
van de eigenaar,eigenaar (EA / possessive forms)
van de algemeen directeur,algemeen directeur (EA / possessive forms)
till vd,vd (EA / possessive forms)
